Year,Nationality,الجنس,الجنسية,Sex,Age Group,Population
2010,Bahraini,بحريني,ذكر,Male,4-0,32612.0
2010,Bahraini,بحريني,ذكر,Male,9-5,30337.0
2010,Bahraini,بحريني,ذكر,Male,44-40,16067.0
2010,Bahraini,بحريني,ذكر,Male,54-50,13419.0
2010,Bahraini,بحريني,ذكر,Male,85 +,821.0
2010,Bahraini,بحريني,انثى,Female,4-0,31384.0
2010,Bahraini,بحريني,انثى,Female,9-5,28828.0
2010,Bahraini,بحريني,انثى,Female,29-25,23596.0
2010,Bahraini,بحريني,انثى,Female,39-35,17426.0
2010,Bahraini,بحريني,انثى,Female,64-60,5626.0
2010,Bahraini,بحريني,انثى,Female,69-65,4251.0
2010,Bahraini,بحريني,انثى,Female,79-75,2139.0
2010,Bahraini,بحريني,انثى,Female,84-80,1319.0
2010,Non-Bahraini,غير بحريني,ذكر,Male,9-5,12220.0
2010,Non-Bahraini,غير بحريني,ذكر,Male,14-10,8995.0
2010,Non-Bahraini,غير بحريني,ذكر,Male,24-20,37607.0
2010,Non-Bahraini,غير بحريني,ذكر,Male,49-45,36191.0
2010,Non-Bahraini,غير بحريني,ذكر,Male,74-70,362.0
2010,Non-Bahraini,غير بحريني,ذكر,Male,79-75,184.0
2010,Non-Bahraini,غير بحريني,ذكر,Male,84-80,98.0
2010,Non-Bahraini,غير بحريني,انثى,Female,4-0,12555.0
2010,Non-Bahraini,غير بحريني,انثى,Female,19-15,6188.0
2010,Non-Bahraini,غير بحريني,انثى,Female,39-35,23488.0
2010,Non-Bahraini,غير بحريني,انثى,Female,59-55,3203.0
2010,Non-Bahraini,غير بحريني,انثى,Female,64-60,1217.0
2011,Bahraini,بحريني,ذكر,Male,4-0,33434.0
2011,Bahraini,بحريني,ذكر,Male,14-10,29985.0
2011,Bahraini,بحريني,ذكر,Male,19-15,30533.0
2011,Bahraini,بحريني,ذكر,Male,54-50,13998.0
2011,Bahraini,بحريني,ذكر,Male,79-75,1996.0
2011,Bahraini,بحريني,انثى,Female,14-10,28397.0
2011,Bahraini,بحريني,انثى,Female,49-45,17711.0
2011,Non-Bahraini,غير بحريني,ذكر,Male,14-10,8687.0
2011,Non-Bahraini,غير بحريني,ذكر,Male,19-15,7226.0
2011,Non-Bahraini,غير بحريني,ذكر,Male,59-55,13012.0
2011,Non-Bahraini,غير بحريني,ذكر,Male,69-65,912.0
2011,Non-Bahraini,غير بحريني,ذكر,Male,84-80,97.0
2011,Non-Bahraini,غير بحريني,انثى,Female,4-0,12743.0
2011,Non-Bahraini,غير بحريني,انثى,Female,19-15,5807.0
2011,Non-Bahraini,غير بحريني,انثى,Female,29-25,26400.0
2011,Non-Bahraini,غير بحريني,انثى,Female,44-40,16144.0
2011,Non-Bahraini,غير بحريني,انثى,Female,54-50,6762.0
2011,Non-Bahraini,غير بحريني,انثى,Female,64-60,1132.0
2011,Non-Bahraini,غير بحريني,انثى,Female,74-70,226.0
2011,Non-Bahraini,غير بحريني,انثى,Female,79-75,138.0
2011,Non-Bahraini,غير بحريني,انثى,Female,85 +,40.0
2012,Bahraini,بحريني,ذكر,Male,4-0,35041.0
2012,Bahraini,بحريني,ذكر,Male,14-10,30007.0
2012,Bahraini,بحريني,ذكر,Male,34-30,23160.0
2012,Bahraini,بحريني,ذكر,Male,54-50,15049.0
2012,Bahraini,بحريني,ذكر,Male,64-60,8146.0
2012,Bahraini,بحريني,ذكر,Male,69-65,4326.0
2012,Bahraini,بحريني,ذكر,Male,74-70,3516.0
2012,Bahraini,بحريني,ذكر,Male,79-75,2007.0
2012,Bahraini,بحريني,انثى,Female,29-25,24658.0
2012,Bahraini,بحريني,انثى,Female,44-40,16847.0
2012,Bahraini,بحريني,انثى,Female,69-65,4315.0
2012,Bahraini,بحريني,انثى,Female,79-75,2285.0
2012,Non-Bahraini,غير بحريني,ذكر,Male,74-70,402.0
2012,Non-Bahraini,غير بحريني,ذكر,Male,79-75,191.0
2012,Non-Bahraini,غير بحريني,انثى,Female,9-5,8086.0
2012,Non-Bahraini,غير بحريني,انثى,Female,34-30,26011.0
2012,Non-Bahraini,غير بحريني,انثى,Female,39-35,21743.0
2012,Non-Bahraini,غير بحريني,انثى,Female,64-60,1214.0
2013,Bahraini,بحريني,ذكر,Male,9-5,33424.0
2013,Bahraini,بحريني,ذكر,Male,14-10,30891.0
2013,Bahraini,بحريني,ذكر,Male,59-55,12402.0
2013,Bahraini,بحريني,ذكر,Male,64-60,8753.0
2013,Bahraini,بحريني,ذكر,Male,79-75,2113.0
2013,Bahraini,بحريني,انثى,Female,39-35,19272.0
2013,Bahraini,بحريني,انثى,Female,49-45,17663.0
2013,Bahraini,بحريني,انثى,Female,54-50,15663.0
2013,Bahraini,بحريني,انثى,Female,59-55,11830.0
2013,Bahraini,بحريني,انثى,Female,64-60,6920.0
2013,Bahraini,بحريني,انثى,Female,69-65,4619.0
2013,Non-Bahraini,غير بحريني,ذكر,Male,24-20,34764.0
2013,Non-Bahraini,غير بحريني,ذكر,Male,44-40,55992.0
2013,Non-Bahraini,غير بحريني,ذكر,Male,59-55,14065.0
2013,Non-Bahraini,غير بحريني,انثى,Female,4-0,9890.0
2013,Non-Bahraini,غير بحريني,انثى,Female,49-45,12481.0
2013,Non-Bahraini,غير بحريني,انثى,Female,54-50,7665.0
2013,Non-Bahraini,غير بحريني,انثى,Female,59-55,3726.0
2014,Bahraini,بحريني,ذكر,Male,9-5,34227.0
2014,Bahraini,بحريني,ذكر,Male,59-55,12804.0
2014,Bahraini,بحريني,انثى,Female,4-0,35649.0
2014,Bahraini,بحريني,انثى,Female,14-10,29890.0
2014,Bahraini,بحريني,انثى,Female,29-25,26053.0
2014,Bahraini,بحريني,انثى,Female,49-45,17856.0
2014,Bahraini,بحريني,انثى,Female,84-80,1467.0
2014,Non-Bahraini,غير بحريني,ذكر,Male,24-20,32584.0
2014,Non-Bahraini,غير بحريني,ذكر,Male,34-30,93198.0
2014,Non-Bahraini,غير بحريني,ذكر,Male,49-45,38548.0
2014,Non-Bahraini,غير بحريني,ذكر,Male,54-50,27079.0
2014,Non-Bahraini,غير بحريني,ذكر,Male,64-60,8305.0
2014,Non-Bahraini,غير بحريني,ذكر,Male,69-65,3436.0
2014,Non-Bahraini,غير بحريني,ذكر,Male,79-75,1082.0
2014,Non-Bahraini,غير بحريني,ذكر,Male,84-80,687.0
2014,Non-Bahraini,غير بحريني,انثى,Female,14-10,8586.0
2014,Non-Bahraini,غير بحريني,انثى,Female,59-55,6523.0
2014,Non-Bahraini,غير بحريني,انثى,Female,69-65,1545.0
2014,Non-Bahraini,غير بحريني,انثى,Female,74-70,829.0
2014,Non-Bahraini,غير بحريني,انثى,Female,84-80,321.0
2015,Bahraini,بحريني,ذكر,Male,14-10,32787.0
2015,Bahraini,بحريني,ذكر,Male,19-15,31136.0
2015,Bahraini,بحريني,ذكر,Male,34-30,24541.0
2015,Bahraini,بحريني,ذكر,Male,49-45,16606.0
2015,Bahraini,بحريني,ذكر,Male,59-55,13513.0
2015,Bahraini,بحريني,ذكر,Male,79-75,2363.0
2015,Bahraini,بحريني,انثى,Female,4-0,36606.0
2015,Bahraini,بحريني,انثى,Female,14-10,31127.0
2015,Bahraini,بحريني,انثى,Female,29-25,26675.0
2015,Bahraini,بحريني,انثى,Female,54-50,16811.0
2015,Bahraini,بحريني,انثى,Female,69-65,5006.0
2015,Bahraini,بحريني,انثى,Female,85 +,1241.0
2015,Non-Bahraini,غير بحريني,ذكر,Male,4-0,15890.0
2015,Non-Bahraini,غير بحريني,ذكر,Male,9-5,13112.0
2015,Non-Bahraini,غير بحريني,ذكر,Male,29-25,94597.0
2015,Non-Bahraini,غير بحريني,ذكر,Male,39-35,78698.0
2015,Non-Bahraini,غير بحريني,ذكر,Male,49-45,43921.0
2015,Non-Bahraini,غير بحريني,ذكر,Male,64-60,6970.0
2015,Non-Bahraini,غير بحريني,ذكر,Male,79-75,356.0
2015,Non-Bahraini,غير بحريني,انثى,Female,9-5,12779.0
2015,Non-Bahraini,غير بحريني,انثى,Female,29-25,30348.0
2015,Non-Bahraini,غير بحريني,انثى,Female,39-35,28422.0
2015,Non-Bahraini,غير بحريني,انثى,Female,44-40,21089.0
2015,Non-Bahraini,غير بحريني,انثى,Female,59-55,5482.0
2015,Non-Bahraini,غير بحريني,انثى,Female,79-75,309.0
2015,Non-Bahraini,غير بحريني,انثى,Female,85 +,376.0
2016,Bahraini,بحريني,ذكر,Male,4-0,38583.0
2016,Bahraini,بحريني,ذكر,Male,54-50,16506.0
2016,Bahraini,بحريني,ذكر,Male,59-55,13956.0
2016,Bahraini,بحريني,ذكر,Male,74-70,3649.0
2016,Bahraini,بحريني,ذكر,Male,79-75,2494.0
2016,Bahraini,بحريني,انثى,Female,9-5,34818.0
2016,Bahraini,بحريني,انثى,Female,14-10,31912.0
2016,Bahraini,بحريني,انثى,Female,24-20,28878.0
2016,Bahraini,بحريني,انثى,Female,39-35,22035.0
2016,Bahraini,بحريني,انثى,Female,49-45,17127.0
2016,Non-Bahraini,غير بحريني,ذكر,Male,4-0,13280.0
2016,Non-Bahraini,غير بحريني,ذكر,Male,24-20,36231.0
2016,Non-Bahraini,غير بحريني,ذكر,Male,29-25,105247.0
2016,Non-Bahraini,غير بحريني,ذكر,Male,44-40,62235.0
2016,Non-Bahraini,غير بحريني,ذكر,Male,64-60,6837.0
2016,Non-Bahraini,غير بحريني,ذكر,Male,74-70,870.0
2016,Non-Bahraini,غير بحريني,انثى,Female,9-5,12562.0
2016,Non-Bahraini,غير بحريني,انثى,Female,44-40,21314.0
2016,Non-Bahraini,غير بحريني,انثى,Female,54-50,9827.0
2016,Non-Bahraini,غير بحريني,انثى,Female,59-55,5599.0
2016,Non-Bahraini,غير بحريني,انثى,Female,64-60,2512.0
2016,Non-Bahraini,غير بحريني,انثى,Female,69-65,1005.0
2016,Non-Bahraini,غير بحريني,انثى,Female,84-80,254.0
2017,Bahraini,بحريني,ذكر,Male,4-0,38957.0
2017,Bahraini,بحريني,ذكر,Male,19-15,31565.0
2017,Bahraini,بحريني,ذكر,Male,34-30,25621.0
2017,Bahraini,بحريني,ذكر,Male,59-55,14516.0
2017,Bahraini,بحريني,ذكر,Male,74-70,3759.0
2017,Bahraini,بحريني,ذكر,Male,84-80,1256.0
2017,Bahraini,بحريني,انثى,Female,9-5,35283.0
2017,Bahraini,بحريني,انثى,Female,19-15,29769.0
2017,Bahraini,بحريني,انثى,Female,44-40,19177.0
2017,Bahraini,بحريني,انثى,Female,69-65,6082.0
2017,Bahraini,بحريني,انثى,Female,79-75,2979.0
2017,Non-Bahraini,غير بحريني,ذكر,Male,4-0,16697.0
2017,Non-Bahraini,غير بحريني,ذكر,Male,14-10,10827.0
2017,Non-Bahraini,غير بحريني,ذكر,Male,19-15,8517.0
2017,Non-Bahraini,غير بحريني,ذكر,Male,34-30,130834.0
2017,Non-Bahraini,غير بحريني,ذكر,Male,39-35,95906.0
2017,Non-Bahraini,غير بحريني,ذكر,Male,54-50,29389.0
2017,Non-Bahraini,غير بحريني,ذكر,Male,59-55,18673.0
2017,Non-Bahraini,غير بحريني,ذكر,Male,64-60,7264.0
2017,Non-Bahraini,غير بحريني,ذكر,Male,74-70,874.0
2017,Non-Bahraini,غير بحريني,انثى,Female,39-35,28364.0
2017,Non-Bahraini,غير بحريني,انثى,Female,64-60,2617.0
2018,Bahraini,بحريني,ذكر,Male,29-25,29483.0
2018,Bahraini,بحريني,ذكر,Male,44-40,20018.0
2018,Bahraini,بحريني,ذكر,Male,59-55,14863.0
2018,Bahraini,بحريني,ذكر,Male,64-60,11993.0
2018,Bahraini,بحريني,ذكر,Male,74-70,4164.0
2018,Bahraini,بحريني,ذكر,Male,85 +,1102.0
2018,Bahraini,بحريني,انثى,Female,4-0,36398.0
2018,Bahraini,بحريني,انثى,Female,14-10,33235.0
2018,Bahraini,بحريني,انثى,Female,39-35,22813.0
2018,Bahraini,بحريني,انثى,Female,49-45,16879.0
2018,Bahraini,بحريني,انثى,Female,54-50,18068.0
2018,Bahraini,بحريني,انثى,Female,69-65,6508.0
2018,Bahraini,بحريني,انثى,Female,74-70,4201.0
2018,Bahraini,بحريني,انثى,Female,79-75,2853.0
2018,Non-Bahraini,غير بحريني,ذكر,Male,4-0,16361.0
2018,Non-Bahraini,غير بحريني,ذكر,Male,9-5,14132.0
2018,Non-Bahraini,غير بحريني,ذكر,Male,29-25,99528.0
2018,Non-Bahraini,غير بحريني,ذكر,Male,34-30,127509.0
2018,Non-Bahraini,غير بحريني,ذكر,Male,44-40,68950.0
2018,Non-Bahraini,غير بحريني,ذكر,Male,54-50,30551.0
2018,Non-Bahraini,غير بحريني,ذكر,Male,69-65,2641.0
2018,Non-Bahraini,غير بحريني,ذكر,Male,74-70,1021.0
2018,Non-Bahraini,غير بحريني,انثى,Female,9-5,13562.0
2018,Non-Bahraini,غير بحريني,انثى,Female,34-30,34929.0
2018,Non-Bahraini,غير بحريني,انثى,Female,44-40,21404.0
2018,Non-Bahraini,غير بحريني,انثى,Female,69-65,1148.0
2018,Non-Bahraini,غير بحريني,انثى,Female,79-75,307.0
2018,Non-Bahraini,غير بحريني,انثى,Female,84-80,213.0
2018,Non-Bahraini,غير بحريني,انثى,Female,85 +,447.0
2019,Bahraini,بحريني,ذكر,Male,9-5,38139.0
2019,Bahraini,بحريني,ذكر,Male,14-10,35395.0
2019,Bahraini,بحريني,ذكر,Male,19-15,32485.999999999996
2019,Bahraini,بحريني,ذكر,Male,29-25,29837.0
2019,Bahraini,بحريني,ذكر,Male,49-45,16554.0
2019,Bahraini,بحريني,ذكر,Male,54-50,17026.0
2019,Bahraini,بحريني,ذكر,Male,59-55,15427.0
2019,Bahraini,بحريني,ذكر,Male,64-60,12323.0
2019,Bahraini,بحريني,ذكر,Male,74-70,4530.0
2019,Bahraini,بحريني,انثى,Female,4-0,35856.0
2019,Bahraini,بحريني,انثى,Female,29-25,28581.0
2019,Bahraini,بحريني,انثى,Female,39-35,23422.0
2019,Bahraini,بحريني,انثى,Female,54-50,18106.0
2019,Bahraini,بحريني,انثى,Female,79-75,3008.0
2019,Non-Bahraini,غير بحريني,ذكر,Male,9-5,14415.0
2019,Non-Bahraini,غير بحريني,ذكر,Male,14-10,11225.0
2019,Non-Bahraini,غير بحريني,ذكر,Male,24-20,29830.0
2019,Non-Bahraini,غير بحريني,ذكر,Male,29-25,77658.0
2019,Non-Bahraini,غير بحريني,ذكر,Male,39-35,103321.0
2019,Non-Bahraini,غير بحريني,ذكر,Male,74-70,955.0
2019,Non-Bahraini,غير بحريني,ذكر,Male,79-75,434.0
2019,Non-Bahraini,غير بحريني,انثى,Female,19-15,7561.0
2019,Non-Bahraini,غير بحريني,انثى,Female,24-20,13004.0
2019,Non-Bahraini,غير بحريني,انثى,Female,29-25,31277.0
2019,Non-Bahraini,غير بحريني,انثى,Female,64-60,3108.0
2019,Non-Bahraini,غير بحريني,انثى,Female,79-75,315.0
2019,Non-Bahraini,غير بحريني,انثى,Female,84-80,210.0
2020,Bahraini,بحريني,ذكر,Male,9-5,38575.0
2020,Bahraini,بحريني,ذكر,Male,14-10,36015.0
2020,Bahraini,بحريني,ذكر,Male,19-15,33282.0
2020,Bahraini,بحريني,ذكر,Male,39-35,24500.0
2020,Bahraini,بحريني,ذكر,Male,44-40,21754.0
2020,Bahraini,بحريني,ذكر,Male,64-60,12940.0
2020,Bahraini,بحريني,ذكر,Male,79-75,2872.0
2020,Bahraini,بحريني,ذكر,Male,84-80,1817.0
2020,Bahraini,بحريني,ذكر,Male,85 +,1268.0
2020,Bahraini,بحريني,انثى,Female,24-20,29434.0
2020,Bahraini,بحريني,انثى,Female,29-25,28765.0
2020,Bahraini,بحريني,انثى,Female,39-35,23808.0
2020,Bahraini,بحريني,انثى,Female,74-70,4606.0
2020,Bahraini,بحريني,انثى,Female,79-75,3075.0
2020,Bahraini,بحريني,انثى,Female,84-80,2236.0
2020,Non-Bahraini,غير بحريني,ذكر,Male,54-50,33063.0
2020,Non-Bahraini,غير بحريني,ذكر,Male,64-60,9516.0
2020,Non-Bahraini,غير بحريني,ذكر,Male,69-65,3141.0
2020,Non-Bahraini,غير بحريني,ذكر,Male,74-70,1102.0
2020,Non-Bahraini,غير بحريني,ذكر,Male,79-75,426.0
2020,Non-Bahraini,غير بحريني,انثى,Female,14-10,11328.0
2020,Non-Bahraini,غير بحريني,انثى,Female,19-15,7139.0
2020,Non-Bahraini,غير بحريني,انثى,Female,24-20,10223.0
2020,Non-Bahraini,غير بحريني,انثى,Female,29-25,22410.0
2020,Non-Bahraini,غير بحريني,انثى,Female,34-30,28000.0
2020,Non-Bahraini,غير بحريني,انثى,Female,44-40,22058.0
2020,Non-Bahraini,غير بحريني,انثى,Female,54-50,10453.0
2020,Non-Bahraini,غير بحريني,انثى,Female,59-55,6408.0
2020,Non-Bahraini,غير بحريني,انثى,Female,74-70,583.0
2020,Non-Bahraini,غير بحريني,انثى,Female,79-75,307.0
2021,Bahraini,بحريني,ذكور,Bahraini,4-0,34434.0
2021,Bahraini,بحريني,ذكور,Bahraini,14-10,36433.0
2021,Bahraini,بحريني,ذكور,Bahraini,19-15,33334.0
2021,Bahraini,بحريني,ذكور,Bahraini,49-45,18000.0
2021,Bahraini,بحريني,ذكور,Bahraini,59-55,15971.0
2021,Bahraini,بحريني,ذكور,Bahraini,64-60,13207.0
2021,Bahraini,بحريني,ذكور,Bahraini,79-75,2971.0
2021,Bahraini,بحريني,ذكور,Bahraini,85 +,1228.0
2021,Bahraini,بحريني,إناث,Bahraini,4-0,33273.0
2021,Bahraini,بحريني,إناث,Bahraini,9-5,37007.0
2021,Bahraini,بحريني,إناث,Bahraini,19-15,31821.0
2021,Bahraini,بحريني,إناث,Bahraini,24-20,29039.0
2021,Bahraini,بحريني,إناث,Bahraini,29-25,28683.0
2021,Bahraini,بحريني,إناث,Bahraini,34-30,27063.0
2021,Bahraini,بحريني,إناث,Bahraini,44-40,21854.0
2021,Non-Bahraini,غير بحريني,ذكور,Non-Bahraini,4-0,14775.0
2021,Non-Bahraini,غير بحريني,ذكور,Non-Bahraini,19-15,29551.0
2021,Non-Bahraini,غير بحريني,ذكور,Non-Bahraini,24-20,55858.0
2021,Non-Bahraini,غير بحريني,ذكور,Non-Bahraini,39-35,74907.0
2021,Non-Bahraini,غير بحريني,ذكور,Non-Bahraini,69-65,4194.0
2021,Non-Bahraini,غير بحريني,ذكور,Non-Bahraini,79-75,707.0
2021,Non-Bahraini,غير بحريني,إناث,Non-Bahraini,9-5,10574.0
2021,Non-Bahraini,غير بحريني,إناث,Non-Bahraini,19-15,10654.0
2021,Non-Bahraini,غير بحريني,إناث,Non-Bahraini,54-50,7798.0
2021,Non-Bahraini,غير بحريني,إناث,Non-Bahraini,64-60,4183.0
2021,Non-Bahraini,غير بحريني,إناث,Non-Bahraini,79-75,460.0
2021,Non-Bahraini,غير بحريني,إناث,Non-Bahraini,84-80,275.0
2021,Non-Bahraini,غير بحريني,إناث,Non-Bahraini,85 +,571.0
2010,Bahraini,بحريني,ذكر,Male,14-10,29862.0
2010,Bahraini,بحريني,ذكر,Male,59-55,10597.0
2010,Bahraini,بحريني,ذكر,Male,64-60,6594.0
2010,Bahraini,بحريني,ذكر,Male,69-65,4090.0
2010,Bahraini,بحريني,ذكر,Male,74-70,3330.0
2010,Bahraini,بحريني,انثى,Female,19-15,29134.0
2010,Bahraini,بحريني,انثى,Female,24-20,26732.0
2010,Bahraini,بحريني,انثى,Female,44-40,17258.0
2010,Bahraini,بحريني,انثى,Female,49-45,17205.0
2010,Bahraini,بحريني,انثى,Female,54-50,14249.0
2010,Bahraini,بحريني,انثى,Female,59-55,9068.0
2010,Bahraini,بحريني,انثى,Female,85 +,857.0
2010,Non-Bahraini,غير بحريني,ذكر,Male,4-0,12832.0
2010,Non-Bahraini,غير بحريني,ذكر,Male,19-15,6863.0
2010,Non-Bahraini,غير بحريني,ذكر,Male,34-30,88959.0
2010,Non-Bahraini,غير بحريني,ذكر,Male,39-35,72911.0
2010,Non-Bahraini,غير بحريني,ذكر,Male,54-50,26088.0
2010,Non-Bahraini,غير بحريني,ذكر,Male,59-55,12609.0
2010,Non-Bahraini,غير بحريني,ذكر,Male,69-65,883.0
2010,Non-Bahraini,غير بحريني,ذكر,Male,85 +,50.0
2010,Non-Bahraini,غير بحريني,انثى,Female,9-5,11575.0
2010,Non-Bahraini,غير بحريني,انثى,Female,34-30,28596.0
2010,Non-Bahraini,غير بحريني,انثى,Female,69-65,453.0
2011,Bahraini,بحريني,ذكر,Male,24-20,29223.0
2011,Bahraini,بحريني,ذكر,Male,59-55,11162.0
2011,Bahraini,بحريني,ذكر,Male,64-60,7234.0
2011,Bahraini,بحريني,ذكر,Male,69-65,4264.0
2011,Bahraini,بحريني,ذكر,Male,74-70,3385.0
2011,Bahraini,بحريني,انثى,Female,4-0,32134.0
2011,Bahraini,بحريني,انثى,Female,54-50,14771.0
2011,Bahraini,بحريني,انثى,Female,59-55,10127.0
2011,Bahraini,بحريني,انثى,Female,84-80,1321.0
2011,Non-Bahraini,غير بحريني,ذكر,Male,4-0,13247.0
2011,Non-Bahraini,غير بحريني,ذكر,Male,9-5,11833.0
2011,Non-Bahraini,غير بحريني,ذكر,Male,34-30,81403.0
2011,Non-Bahraini,غير بحريني,ذكر,Male,39-35,66447.0
2011,Non-Bahraini,غير بحريني,ذكر,Male,44-40,52651.0
2011,Non-Bahraini,غير بحريني,ذكر,Male,49-45,34621.0
2011,Non-Bahraini,غير بحريني,ذكر,Male,54-50,25059.0
2011,Non-Bahraini,غير بحريني,ذكر,Male,79-75,184.0
2011,Non-Bahraini,غير بحريني,انثى,Female,14-10,8181.0
2011,Non-Bahraini,غير بحريني,انثى,Female,59-55,3159.0
2011,Non-Bahraini,غير بحريني,انثى,Female,84-80,75.0
2012,Bahraini,بحريني,ذكر,Male,19-15,30286.0
2012,Bahraini,بحريني,ذكر,Male,24-20,29305.0
2012,Bahraini,بحريني,ذكر,Male,49-45,16917.0
2012,Bahraini,بحريني,ذكر,Male,59-55,11955.0
2012,Bahraini,بحريني,ذكر,Male,85 +,877.0
2012,Bahraini,بحريني,انثى,Female,9-5,30305.0
2012,Bahraini,بحريني,انثى,Female,19-15,28899.0
2012,Bahraini,بحريني,انثى,Female,24-20,27713.0
2012,Bahraini,بحريني,انثى,Female,39-35,18738.0
2012,Bahraini,بحريني,انثى,Female,49-45,17523.0
2012,Bahraini,بحريني,انثى,Female,74-70,3786.0
2012,Non-Bahraini,غير بحريني,ذكر,Male,4-0,10128.0
2012,Non-Bahraini,غير بحريني,ذكر,Male,9-5,8442.0
2012,Non-Bahraini,غير بحريني,ذكر,Male,14-10,5979.0
2012,Non-Bahraini,غير بحريني,ذكر,Male,19-15,5974.0
2012,Non-Bahraini,غير بحريني,ذكر,Male,29-25,98539.0
2012,Non-Bahraini,غير بحريني,ذكر,Male,34-30,91041.0
2012,Non-Bahraini,غير بحريني,ذكر,Male,44-40,54183.0
2012,Non-Bahraini,غير بحريني,ذكر,Male,49-45,34669.0
2012,Non-Bahraini,غير بحريني,ذكر,Male,59-55,13034.0
2012,Non-Bahraini,غير بحريني,ذكر,Male,69-65,1094.0
2012,Non-Bahraini,غير بحريني,انثى,Female,14-10,5613.0
2012,Non-Bahraini,غير بحريني,انثى,Female,19-15,4514.0
2012,Non-Bahraini,غير بحريني,انثى,Female,49-45,11719.0
2012,Non-Bahraini,غير بحريني,انثى,Female,54-50,7115.0
2012,Non-Bahraini,غير بحريني,انثى,Female,74-70,272.0
2012,Non-Bahraini,غير بحريني,انثى,Female,79-75,198.0
2012,Non-Bahraini,غير بحريني,انثى,Female,84-80,138.0
2013,Bahraini,بحريني,ذكر,Male,19-15,30943.0
2013,Bahraini,بحريني,ذكر,Male,29-25,26482.0
2013,Bahraini,بحريني,ذكر,Male,34-30,23363.0
2013,Bahraini,بحريني,ذكر,Male,49-45,16981.0
2013,Bahraini,بحريني,ذكر,Male,74-70,3464.0
2013,Bahraini,بحريني,ذكر,Male,84-80,1201.0
2013,Bahraini,بحريني,انثى,Female,4-0,35078.0
2013,Bahraini,بحريني,انثى,Female,14-10,29206.0
2013,Bahraini,بحريني,انثى,Female,34-30,22109.0
2013,Bahraini,بحريني,انثى,Female,44-40,16237.0
2013,Bahraini,بحريني,انثى,Female,74-70,3571.0
2013,Bahraini,بحريني,انثى,Female,79-75,2537.0
2013,Bahraini,بحريني,انثى,Female,85 +,925.0
2013,Non-Bahraini,غير بحريني,ذكر,Male,4-0,10293.0
2013,Non-Bahraini,غير بحريني,ذكر,Male,14-10,5700.0
2013,Non-Bahraini,غير بحريني,ذكر,Male,29-25,100817.0
2013,Non-Bahraini,غير بحريني,ذكر,Male,34-30,101722.0
2013,Non-Bahraini,غير بحريني,ذكر,Male,64-60,4618.0
2013,Non-Bahraini,غير بحريني,ذكر,Male,84-80,147.0
2013,Non-Bahraini,غير بحريني,انثى,Female,9-5,7609.0
2013,Non-Bahraini,غير بحريني,انثى,Female,14-10,5338.0
2013,Non-Bahraini,غير بحريني,انثى,Female,34-30,28138.0
2013,Non-Bahraini,غير بحريني,انثى,Female,39-35,23637.0
2013,Non-Bahraini,غير بحريني,انثى,Female,69-65,519.0
2013,Non-Bahraini,غير بحريني,انثى,Female,74-70,302.0
2013,Non-Bahraini,غير بحريني,انثى,Female,79-75,208.0
2013,Non-Bahraini,غير بحريني,انثى,Female,85 +,306.0
2014,Bahraini,بحريني,ذكر,Male,4-0,37303.0
2014,Bahraini,بحريني,ذكر,Male,14-10,31549.0
2014,Bahraini,بحريني,ذكر,Male,39-35,21053.0
2014,Bahraini,بحريني,ذكر,Male,44-40,16513.0
2014,Bahraini,بحريني,ذكر,Male,49-45,17032.0
2014,Bahraini,بحريني,ذكر,Male,64-60,9612.0
2014,Bahraini,بحريني,ذكر,Male,74-70,3517.0
2014,Bahraini,بحريني,ذكر,Male,79-75,2221.0
2014,Bahraini,بحريني,ذكر,Male,85 +,869.0
2014,Bahraini,بحريني,انثى,Female,9-5,32837.0
2014,Bahraini,بحريني,انثى,Female,19-15,29258.0
2014,Bahraini,بحريني,انثى,Female,24-20,28663.0
2014,Bahraini,بحريني,انثى,Female,34-30,22847.0
2014,Bahraini,بحريني,انثى,Female,39-35,20148.0
2014,Bahraini,بحريني,انثى,Female,44-40,16362.0
2014,Bahraini,بحريني,انثى,Female,54-50,16169.0
2014,Bahraini,بحريني,انثى,Female,69-65,4761.0
2014,Bahraini,بحريني,انثى,Female,74-70,3764.0
2014,Bahraini,بحريني,انثى,Female,85 +,941.0
2014,Non-Bahraini,غير بحريني,ذكر,Male,4-0,14097.0
2014,Non-Bahraini,غير بحريني,ذكر,Male,9-5,11609.0
2014,Non-Bahraini,غير بحريني,ذكر,Male,14-10,9154.0
2014,Non-Bahraini,غير بحريني,ذكر,Male,29-25,93740.0
2014,Non-Bahraini,غير بحريني,ذكر,Male,44-40,54812.0
2014,Non-Bahraini,غير بحريني,ذكر,Male,74-70,1768.0
2014,Non-Bahraini,غير بحريني,انثى,Female,19-15,6183.0
2014,Non-Bahraini,غير بحريني,انثى,Female,24-20,14822.0
2014,Non-Bahraini,غير بحريني,انثى,Female,44-40,18513.0
2014,Non-Bahraini,غير بحريني,انثى,Female,49-45,13851.0
2014,Non-Bahraini,غير بحريني,انثى,Female,54-50,10475.0
2014,Non-Bahraini,غير بحريني,انثى,Female,85 +,362.0
2015,Bahraini,بحريني,ذكر,Male,4-0,38208.0
2015,Bahraini,بحريني,ذكر,Male,24-20,29919.0
2015,Bahraini,بحريني,ذكر,Male,29-25,27795.0
2015,Bahraini,بحريني,ذكر,Male,54-50,16026.0
2015,Bahraini,بحريني,انثى,Female,9-5,33963.0
2015,Bahraini,بحريني,انثى,Female,19-15,29447.0
2015,Bahraini,بحريني,انثى,Female,44-40,17382.0
2015,Bahraini,بحريني,انثى,Female,49-45,17250.0
2015,Bahraini,بحريني,انثى,Female,59-55,13620.0
2015,Bahraini,بحريني,انثى,Female,74-70,3631.0
2015,Bahraini,بحريني,انثى,Female,79-75,2805.0
2015,Non-Bahraini,غير بحريني,ذكر,Male,19-15,7694.0
2015,Non-Bahraini,غير بحريني,ذكر,Male,24-20,31867.0
2015,Non-Bahraini,غير بحريني,ذكر,Male,44-40,60461.0
2015,Non-Bahraini,غير بحريني,ذكر,Male,59-55,17975.0
2015,Non-Bahraini,غير بحريني,ذكر,Male,84-80,237.0
2015,Non-Bahraini,غير بحريني,انثى,Female,14-10,9716.0
2015,Non-Bahraini,غير بحريني,انثى,Female,34-30,33341.0
2015,Non-Bahraini,غير بحريني,انثى,Female,49-45,14849.0
2015,Non-Bahraini,غير بحريني,انثى,Female,64-60,2389.0
2015,Non-Bahraini,غير بحريني,انثى,Female,69-65,926.0
2015,Non-Bahraini,غير بحريني,انثى,Female,74-70,459.0
2015,Non-Bahraini,غير بحريني,انثى,Female,84-80,211.0
2016,Bahraini,بحريني,ذكر,Male,34-30,25225.0
2016,Bahraini,بحريني,ذكر,Male,39-35,22479.0
2016,Bahraini,بحريني,ذكر,Male,64-60,10702.0
2016,Bahraini,بحريني,ذكر,Male,85 +,972.0
2016,Bahraini,بحريني,انثى,Female,4-0,36937.0
2016,Bahraini,بحريني,انثى,Female,29-25,27397.0
2016,Bahraini,بحريني,انثى,Female,54-50,17493.0
2016,Bahraini,بحريني,انثى,Female,69-65,5387.0
2016,Non-Bahraini,غير بحريني,ذكر,Male,14-10,10390.0
2016,Non-Bahraini,غير بحريني,ذكر,Male,19-15,8325.0
2016,Non-Bahraini,غير بحريني,ذكر,Male,49-45,45380.0
2016,Non-Bahraini,غير بحريني,ذكر,Male,69-65,2147.0
2016,Non-Bahraini,غير بحريني,ذكر,Male,84-80,333.0
2016,Non-Bahraini,غير بحريني,انثى,Female,14-10,9788.0
2016,Non-Bahraini,غير بحريني,انثى,Female,19-15,6924.0
2016,Non-Bahraini,غير بحريني,انثى,Female,29-25,32681.0
2016,Non-Bahraini,غير بحريني,انثى,Female,39-35,28259.0
2016,Non-Bahraini,غير بحريني,انثى,Female,49-45,14750.0
2017,Bahraini,بحريني,ذكر,Male,29-25,29106.0
2017,Bahraini,بحريني,ذكر,Male,44-40,19223.0
2017,Bahraini,بحريني,ذكر,Male,54-50,16638.0
2017,Bahraini,بحريني,ذكر,Male,64-60,11340.0
2017,Bahraini,بحريني,ذكر,Male,85 +,1000.0
2017,Bahraini,بحريني,انثى,Female,34-30,25034.0
2017,Bahraini,بحريني,انثى,Female,49-45,17048.0
2017,Bahraini,بحريني,انثى,Female,54-50,17659.0
2017,Bahraini,بحريني,انثى,Female,84-80,1574.0
2017,Non-Bahraini,غير بحريني,ذكر,Male,44-40,67630.0
2017,Non-Bahraini,غير بحريني,ذكر,Male,85 +,282.0
2017,Non-Bahraini,غير بحريني,انثى,Female,9-5,13458.0
2017,Non-Bahraini,غير بحريني,انثى,Female,14-10,10492.0
2017,Non-Bahraini,غير بحريني,انثى,Female,19-15,7141.0
2017,Non-Bahraini,غير بحريني,انثى,Female,34-30,34507.0
2017,Non-Bahraini,غير بحريني,انثى,Female,59-55,5764.0
2017,Non-Bahraini,غير بحريني,انثى,Female,74-70,453.0
2017,Non-Bahraini,غير بحريني,انثى,Female,79-75,265.0
2017,Non-Bahraini,غير بحريني,انثى,Female,84-80,199.0
2017,Non-Bahraini,غير بحريني,انثى,Female,85 +,158.0
2018,Bahraini,بحريني,ذكر,Male,4-0,38140.0
2018,Bahraini,بحريني,ذكر,Male,14-10,34685.0
2018,Bahraini,بحريني,ذكر,Male,19-15,31889.0
2018,Bahraini,بحريني,ذكر,Male,49-45,16329.0
2018,Bahraini,بحريني,ذكر,Male,69-65,8102.0
2018,Bahraini,بحريني,ذكر,Male,84-80,1415.0
2018,Bahraini,بحريني,انثى,Female,59-55,15665.0
2018,Bahraini,بحريني,انثى,Female,85 +,1323.0
2018,Non-Bahraini,غير بحريني,ذكر,Male,14-10,10749.0
2018,Non-Bahraini,غير بحريني,ذكر,Male,19-15,8836.0
2018,Non-Bahraini,غير بحريني,ذكر,Male,39-35,100783.0
2018,Non-Bahraini,غير بحريني,ذكر,Male,49-45,50225.0
2018,Non-Bahraini,غير بحريني,ذكر,Male,64-60,8240.0
2018,Non-Bahraini,غير بحريني,ذكر,Male,84-80,327.0
2018,Non-Bahraini,غير بحريني,انثى,Female,4-0,15825.0
2018,Non-Bahraini,غير بحريني,انثى,Female,14-10,10504.0
2019,Bahraini,بحريني,ذكر,Male,34-30,26998.0
2019,Bahraini,بحريني,ذكر,Male,39-35,23643.0
2019,Bahraini,بحريني,ذكر,Male,44-40,20982.0
2019,Bahraini,بحريني,ذكر,Male,69-65,8926.0
2019,Bahraini,بحريني,ذكر,Male,85 +,1092.0
2019,Bahraini,بحريني,انثى,Female,9-5,36316.0
2019,Bahraini,بحريني,انثى,Female,19-15,30772.0
2019,Bahraini,بحريني,انثى,Female,24-20,29000.0
2019,Bahraini,بحريني,انثى,Female,34-30,26276.0
2019,Bahraini,بحريني,انثى,Female,44-40,20733.0
2019,Bahraini,بحريني,انثى,Female,69-65,7423.0
2019,Bahraini,بحريني,انثى,Female,74-70,4333.0
2019,Bahraini,بحريني,انثى,Female,85 +,1363.0
2019,Non-Bahraini,غير بحريني,ذكر,Male,4-0,16172.999999999998
2019,Non-Bahraini,غير بحريني,ذكر,Male,49-45,50665.0
2019,Non-Bahraini,غير بحريني,ذكر,Male,54-50,31629.0
2019,Non-Bahraini,غير بحريني,ذكر,Male,59-55,18774.0
2019,Non-Bahraini,غير بحريني,ذكر,Male,64-60,8990.0
2019,Non-Bahraini,غير بحريني,ذكر,Male,85 +,361.0
2019,Non-Bahraini,غير بحريني,انثى,Female,14-10,10937.0
2019,Non-Bahraini,غير بحريني,انثى,Female,34-30,34480.0
2019,Non-Bahraini,غير بحريني,انثى,Female,44-40,22871.0
2019,Non-Bahraini,غير بحريني,انثى,Female,49-45,15741.0
2019,Non-Bahraini,غير بحريني,انثى,Female,69-65,1274.0
2019,Non-Bahraini,غير بحريني,انثى,Female,74-70,528.0
2019,Non-Bahraini,غير بحريني,انثى,Female,85 +,373.0
2020,Bahraini,بحريني,ذكر,Male,24-20,31353.0
2020,Bahraini,بحريني,ذكر,Male,49-45,17317.0
2020,Bahraini,بحريني,ذكر,Male,69-65,9373.0
2020,Bahraini,بحريني,ذكر,Male,74-70,5154.0
2020,Bahraini,بحريني,انثى,Female,9-5,36984.0
2020,Bahraini,بحريني,انثى,Female,14-10,34439.0
2020,Bahraini,بحريني,انثى,Female,19-15,31501.0
2020,Bahraini,بحريني,انثى,Female,44-40,21253.0
2020,Bahraini,بحريني,انثى,Female,59-55,16628.0
2020,Bahraini,بحريني,انثى,Female,64-60,13229.0
2020,Bahraini,بحريني,انثى,Female,69-65,7872.0
2020,Non-Bahraini,غير بحريني,ذكر,Male,9-5,14783.0
2020,Non-Bahraini,غير بحريني,ذكر,Male,14-10,11727.0
2020,Non-Bahraini,غير بحريني,ذكر,Male,19-15,8512.0
2020,Non-Bahraini,غير بحريني,ذكر,Male,34-30,119746.0
2020,Non-Bahraini,غير بحريني,ذكر,Male,49-45,51106.0
2020,Non-Bahraini,غير بحريني,ذكر,Male,84-80,202.0
2020,Non-Bahraini,غير بحريني,ذكر,Male,85 +,332.0
2020,Non-Bahraini,غير بحريني,انثى,Female,4-0,15528.0
2020,Non-Bahraini,غير بحريني,انثى,Female,9-5,14266.0
2020,Non-Bahraini,غير بحريني,انثى,Female,39-35,26343.0
2020,Non-Bahraini,غير بحريني,انثى,Female,64-60,3248.0
2021,Bahraini,بحريني,ذكور,Bahraini,9-5,38664.0
2021,Bahraini,بحريني,ذكور,Bahraini,34-30,28314.0
2021,Bahraini,بحريني,ذكور,Bahraini,44-40,22327.0
2021,Bahraini,بحريني,ذكور,Bahraini,54-50,16188.0
2021,Bahraini,بحريني,ذكور,Bahraini,69-65,9885.0
2021,Bahraini,بحريني,ذكور,Bahraini,74-70,5739.0
2021,Bahraini,بحريني,ذكور,Bahraini,84-80,1811.0
2021,Bahraini,بحريني,إناث,Bahraini,14-10,34929.0
2021,Bahraini,بحريني,إناث,Bahraini,39-35,24361.0
2021,Bahraini,بحريني,إناث,Bahraini,54-50,16873.0
2021,Bahraini,بحريني,إناث,Bahraini,74-70,4878.0
2021,Bahraini,بحريني,إناث,Bahraini,84-80,2161.0
2021,Bahraini,بحريني,إناث,Bahraini,85 +,1708.0
2021,Non-Bahraini,غير بحريني,ذكور,Non-Bahraini,9-5,11092.0
2021,Non-Bahraini,غير بحريني,ذكور,Non-Bahraini,49-45,36083.0
2021,Non-Bahraini,غير بحريني,ذكور,Non-Bahraini,54-50,20216.0
2021,Non-Bahraini,غير بحريني,ذكور,Non-Bahraini,59-55,13384.0
2021,Non-Bahraini,غير بحريني,ذكور,Non-Bahraini,64-60,10471.0
2021,Non-Bahraini,غير بحريني,ذكور,Non-Bahraini,74-70,1529.0
2021,Non-Bahraini,غير بحريني,إناث,Non-Bahraini,14-10,7338.0
2021,Non-Bahraini,غير بحريني,إناث,Non-Bahraini,29-25,34490.0
2021,Non-Bahraini,غير بحريني,إناث,Non-Bahraini,69-65,1847.0
2021,Non-Bahraini,غير بحريني,إناث,Non-Bahraini,74-70,814.0
2010,Bahraini,بحريني,ذكر,Male,19-15,30523.0
2010,Bahraini,بحريني,ذكر,Male,24-20,28395.0
2010,Bahraini,بحريني,ذكر,Male,29-25,24788.0
2010,Bahraini,بحريني,ذكر,Male,34-30,21257.0
2010,Bahraini,بحريني,ذكر,Male,39-35,16698.0
2010,Bahraini,بحريني,ذكر,Male,49-45,15926.0
2010,Bahraini,بحريني,ذكر,Male,79-75,1958.0
2010,Bahraini,بحريني,ذكر,Male,84-80,1178.0
2010,Bahraini,بحريني,انثى,Female,14-10,28349.0
2010,Bahraini,بحريني,انثى,Female,34-30,21088.0
2010,Bahraini,بحريني,انثى,Female,74-70,3726.0
2010,Non-Bahraini,غير بحريني,ذكر,Male,29-25,100587.0
2010,Non-Bahraini,غير بحريني,ذكر,Male,44-40,54932.0
2010,Non-Bahraini,غير بحريني,ذكر,Male,64-60,3534.0
2010,Non-Bahraini,غير بحريني,انثى,Female,14-10,8388.0
2010,Non-Bahraini,غير بحريني,انثى,Female,24-20,18517.0
2010,Non-Bahraini,غير بحريني,انثى,Female,29-25,31088.0
2010,Non-Bahraini,غير بحريني,انثى,Female,44-40,17327.0
2010,Non-Bahraini,غير بحريني,انثى,Female,49-45,11945.0
2010,Non-Bahraini,غير بحريني,انثى,Female,54-50,6811.0
2010,Non-Bahraini,غير بحريني,انثى,Female,74-70,290.0
2010,Non-Bahraini,غير بحريني,انثى,Female,79-75,172.0
2010,Non-Bahraini,غير بحريني,انثى,Female,84-80,83.0
2010,Non-Bahraini,غير بحريني,انثى,Female,85 +,55.0
2011,Bahraini,بحريني,ذكر,Male,9-5,30704.0
2011,Bahraini,بحريني,ذكر,Male,29-25,25503.0
2011,Bahraini,بحريني,ذكر,Male,34-30,22241.0
2011,Bahraini,بحريني,ذكر,Male,39-35,17531.0
2011,Bahraini,بحريني,ذكر,Male,44-40,16187.0
2011,Bahraini,بحريني,ذكر,Male,49-45,16461.0
2011,Bahraini,بحريني,ذكر,Male,84-80,1172.0
2011,Bahraini,بحريني,ذكر,Male,85 +,865.0
2011,Bahraini,بحريني,انثى,Female,9-5,29397.0
2011,Bahraini,بحريني,انثى,Female,19-15,29129.0
2011,Bahraini,بحريني,انثى,Female,24-20,27432.0
2011,Bahraini,بحريني,انثى,Female,29-25,24254.0
2011,Bahraini,بحريني,انثى,Female,34-30,21759.0
2011,Bahraini,بحريني,انثى,Female,39-35,18034.0
2011,Bahraini,بحريني,انثى,Female,44-40,17108.0
2011,Bahraini,بحريني,انثى,Female,64-60,5978.0
2011,Bahraini,بحريني,انثى,Female,69-65,4394.0
2011,Bahraini,بحريني,انثى,Female,74-70,3696.0
2011,Bahraini,بحريني,انثى,Female,79-75,2261.0
2011,Bahraini,بحريني,انثى,Female,85 +,907.0
2011,Non-Bahraini,غير بحريني,ذكر,Male,24-20,34713.0
2011,Non-Bahraini,غير بحريني,ذكر,Male,29-25,91544.0
2011,Non-Bahraini,غير بحريني,ذكر,Male,64-60,3563.0
2011,Non-Bahraini,غير بحريني,ذكر,Male,74-70,351.0
2011,Non-Bahraini,غير بحريني,ذكر,Male,85 +,55.0
2011,Non-Bahraini,غير بحريني,انثى,Female,9-5,11295.0
2011,Non-Bahraini,غير بحريني,انثى,Female,24-20,13420.0
2011,Non-Bahraini,غير بحريني,انثى,Female,34-30,25725.0
2011,Non-Bahraini,غير بحريني,انثى,Female,39-35,21675.0
2011,Non-Bahraini,غير بحريني,انثى,Female,49-45,11377.0
2011,Non-Bahraini,غير بحريني,انثى,Female,69-65,428.0
2012,Bahraini,بحريني,ذكر,Male,9-5,31688.0
2012,Bahraini,بحريني,ذكر,Male,29-25,25994.0
2012,Bahraini,بحريني,ذكر,Male,39-35,19347.0
2012,Bahraini,بحريني,ذكر,Male,44-40,16489.0
2012,Bahraini,بحريني,ذكر,Male,84-80,1244.0
2012,Bahraini,بحريني,انثى,Female,4-0,33729.0
2012,Bahraini,بحريني,انثى,Female,14-10,28304.0
2012,Bahraini,بحريني,انثى,Female,34-30,22045.0
2012,Bahraini,بحريني,انثى,Female,54-50,15475.0
2012,Bahraini,بحريني,انثى,Female,59-55,10737.0
2012,Bahraini,بحريني,انثى,Female,64-60,6591.0
2012,Bahraini,بحريني,انثى,Female,84-80,1422.0
2012,Bahraini,بحريني,انثى,Female,85 +,903.0
2012,Non-Bahraini,غير بحريني,ذكر,Male,24-20,35086.0
2012,Non-Bahraini,غير بحريني,ذكر,Male,39-35,68257.0
2012,Non-Bahraini,غير بحريني,ذكر,Male,54-50,23596.0
2012,Non-Bahraini,غير بحريني,ذكر,Male,64-60,4126.0
2012,Non-Bahraini,غير بحريني,ذكر,Male,84-80,149.0
2012,Non-Bahraini,غير بحريني,ذكر,Male,85 +,205.0
2012,Non-Bahraini,غير بحريني,انثى,Female,4-0,9894.0
2012,Non-Bahraini,غير بحريني,انثى,Female,24-20,11735.0
2012,Non-Bahraini,غير بحريني,انثى,Female,29-25,25766.0
2012,Non-Bahraini,غير بحريني,انثى,Female,44-40,16128.0
2012,Non-Bahraini,غير بحريني,انثى,Female,59-55,3332.0
2012,Non-Bahraini,غير بحريني,انثى,Female,69-65,446.0
2012,Non-Bahraini,غير بحريني,انثى,Female,85 +,316.0
2013,Bahraini,بحريني,ذكر,Male,4-0,36362.0
2013,Bahraini,بحريني,ذكر,Male,24-20,29528.0
2013,Bahraini,بحريني,ذكر,Male,39-35,20079.0
2013,Bahraini,بحريني,ذكر,Male,44-40,16297.0
2013,Bahraini,بحريني,ذكر,Male,54-50,15114.0
2013,Bahraini,بحريني,ذكر,Male,69-65,4683.0
2013,Bahraini,بحريني,ذكر,Male,85 +,865.0
2013,Bahraini,بحريني,انثى,Female,9-5,32050.0
2013,Bahraini,بحريني,انثى,Female,19-15,29475.0
2013,Bahraini,بحريني,انثى,Female,24-20,28008.0
2013,Bahraini,بحريني,انثى,Female,29-25,25360.0
2013,Bahraini,بحريني,انثى,Female,84-80,1362.0
2013,Non-Bahraini,غير بحريني,ذكر,Male,9-5,7814.0
2013,Non-Bahraini,غير بحريني,ذكر,Male,19-15,5134.0
2013,Non-Bahraini,غير بحريني,ذكر,Male,39-35,71584.0
2013,Non-Bahraini,غير بحريني,ذكر,Male,49-45,36749.0
2013,Non-Bahraini,غير بحريني,ذكر,Male,54-50,23962.0
2013,Non-Bahraini,غير بحريني,ذكر,Male,69-65,1216.0
2013,Non-Bahraini,غير بحريني,ذكر,Male,74-70,457.0
2013,Non-Bahraini,غير بحريني,ذكر,Male,79-75,205.0
2013,Non-Bahraini,غير بحريني,ذكر,Male,85 +,197.0
2013,Non-Bahraini,غير بحريني,انثى,Female,19-15,4146.0
2013,Non-Bahraini,غير بحريني,انثى,Female,24-20,12719.0
2013,Non-Bahraini,غير بحريني,انثى,Female,29-25,27368.0
2013,Non-Bahraini,غير بحريني,انثى,Female,44-40,17270.0
2013,Non-Bahraini,غير بحريني,انثى,Female,64-60,1442.0
2013,Non-Bahraini,غير بحريني,انثى,Female,84-80,161.0
2014,Bahraini,بحريني,ذكر,Male,19-15,31076.0
2014,Bahraini,بحريني,ذكر,Male,24-20,29903.0
2014,Bahraini,بحريني,ذكر,Male,29-25,27265.0
2014,Bahraini,بحريني,ذكر,Male,34-30,23749.0
2014,Bahraini,بحريني,ذكر,Male,54-50,15717.0
2014,Bahraini,بحريني,ذكر,Male,69-65,5147.0
2014,Bahraini,بحريني,ذكر,Male,84-80,1282.0
2014,Bahraini,بحريني,انثى,Female,59-55,12765.0
2014,Bahraini,بحريني,انثى,Female,64-60,7933.0
2014,Bahraini,بحريني,انثى,Female,79-75,2542.0
2014,Non-Bahraini,غير بحريني,ذكر,Male,19-15,7072.0
2014,Non-Bahraini,غير بحريني,ذكر,Male,39-35,68168.0
2014,Non-Bahraini,غير بحريني,ذكر,Male,59-55,19762.0
2014,Non-Bahraini,غير بحريني,ذكر,Male,85 +,547.0
2014,Non-Bahraini,غير بحريني,انثى,Female,4-0,13547.0
2014,Non-Bahraini,غير بحريني,انثى,Female,9-5,11139.0
2014,Non-Bahraini,غير بحريني,انثى,Female,29-25,30941.0
2014,Non-Bahraini,غير بحريني,انثى,Female,34-30,30997.0
2014,Non-Bahraini,غير بحريني,انثى,Female,39-35,25729.0
2014,Non-Bahraini,غير بحريني,انثى,Female,64-60,3286.0
2014,Non-Bahraini,غير بحريني,انثى,Female,79-75,521.0
2015,Bahraini,بحريني,ذكر,Male,9-5,35479.0
2015,Bahraini,بحريني,ذكر,Male,39-35,21733.0
2015,Bahraini,بحريني,ذكر,Male,44-40,17424.0
2015,Bahraini,بحريني,ذكر,Male,64-60,10026.0
2015,Bahraini,بحريني,ذكر,Male,69-65,5768.0
2015,Bahraini,بحريني,ذكر,Male,74-70,3462.0
2015,Bahraini,بحريني,ذكر,Male,84-80,1204.0
2015,Bahraini,بحريني,ذكر,Male,85 +,897.0
2015,Bahraini,بحريني,انثى,Female,24-20,28742.0
2015,Bahraini,بحريني,انثى,Female,34-30,23814.0
2015,Bahraini,بحريني,انثى,Female,39-35,21112.0
2015,Bahraini,بحريني,انثى,Female,64-60,8298.0
2015,Bahraini,بحريني,انثى,Female,84-80,1418.0
2015,Non-Bahraini,غير بحريني,ذكر,Male,14-10,10224.0
2015,Non-Bahraini,غير بحريني,ذكر,Male,34-30,105721.0
2015,Non-Bahraini,غير بحريني,ذكر,Male,54-50,26838.0
2015,Non-Bahraini,غير بحريني,ذكر,Male,69-65,1903.0
2015,Non-Bahraini,غير بحريني,ذكر,Male,74-70,699.0
2015,Non-Bahraini,غير بحريني,ذكر,Male,85 +,315.0
2015,Non-Bahraini,غير بحريني,انثى,Female,4-0,15366.0
2015,Non-Bahraini,غير بحريني,انثى,Female,19-15,6801.0
2015,Non-Bahraini,غير بحريني,انثى,Female,24-20,12458.0
2015,Non-Bahraini,غير بحريني,انثى,Female,54-50,9688.0
2016,Bahraini,بحريني,ذكر,Male,9-5,36292.0
2016,Bahraini,بحريني,ذكر,Male,14-10,33332.0
2016,Bahraini,بحريني,ذكر,Male,19-15,31479.0
2016,Bahraini,بحريني,ذكر,Male,24-20,30123.0
2016,Bahraini,بحريني,ذكر,Male,29-25,28572.0
2016,Bahraini,بحريني,ذكر,Male,44-40,18197.0
2016,Bahraini,بحريني,ذكر,Male,49-45,16452.0
2016,Bahraini,بحريني,ذكر,Male,69-65,6540.0
2016,Bahraini,بحريني,ذكر,Male,84-80,1281.0
2016,Bahraini,بحريني,انثى,Female,19-15,29822.0
2016,Bahraini,بحريني,انثى,Female,34-30,24582.0
2016,Bahraini,بحريني,انثى,Female,44-40,18272.0
2016,Bahraini,بحريني,انثى,Female,59-55,14218.0
2016,Bahraini,بحريني,انثى,Female,64-60,9479.0
2016,Bahraini,بحريني,انثى,Female,74-70,3776.0
2016,Bahraini,بحريني,انثى,Female,79-75,2879.0
2016,Bahraini,بحريني,انثى,Female,84-80,1568.0
2016,Bahraini,بحريني,انثى,Female,85 +,1293.0
2016,Non-Bahraini,غير بحريني,ذكر,Male,9-5,12977.0
2016,Non-Bahraini,غير بحريني,ذكر,Male,34-30,117455.0
2016,Non-Bahraini,غير بحريني,ذكر,Male,39-35,83358.0
2016,Non-Bahraini,غير بحريني,ذكر,Male,54-50,27602.0
2016,Non-Bahraini,غير بحريني,ذكر,Male,59-55,17997.0
2016,Non-Bahraini,غير بحريني,ذكر,Male,79-75,444.0
2016,Non-Bahraini,غير بحريني,ذكر,Male,85 +,447.0
2016,Non-Bahraini,غير بحريني,انثى,Female,4-0,12816.0
2016,Non-Bahraini,غير بحريني,انثى,Female,24-20,14483.0
2016,Non-Bahraini,غير بحريني,انثى,Female,34-30,33411.0
2016,Non-Bahraini,غير بحريني,انثى,Female,74-70,522.0
2016,Non-Bahraini,غير بحريني,انثى,Female,79-75,338.0
2016,Non-Bahraini,غير بحريني,انثى,Female,85 +,419.0
2017,Bahraini,بحريني,ذكر,Male,9-5,36742.0
2017,Bahraini,بحريني,ذكر,Male,14-10,33962.0
2017,Bahraini,بحريني,ذكر,Male,24-20,30399.0
2017,Bahraini,بحريني,ذكر,Male,39-35,22852.0
2017,Bahraini,بحريني,ذكر,Male,49-45,16353.0
2017,Bahraini,بحريني,ذكر,Male,69-65,7403.0
2017,Bahraini,بحريني,ذكر,Male,79-75,2648.0
2017,Bahraini,بحريني,انثى,Female,4-0,37158.0
2017,Bahraini,بحريني,انثى,Female,14-10,32646.0
2017,Bahraini,بحريني,انثى,Female,24-20,28826.0
2017,Bahraini,بحريني,انثى,Female,29-25,27857.0
2017,Bahraini,بحريني,انثى,Female,39-35,22494.0
2017,Bahraini,بحريني,انثى,Female,59-55,15165.0
2017,Bahraini,بحريني,انثى,Female,64-60,10268.0
2017,Bahraini,بحريني,انثى,Female,74-70,3835.0
2017,Bahraini,بحريني,انثى,Female,85 +,1312.0
2017,Non-Bahraini,غير بحريني,ذكر,Male,9-5,14159.0
2017,Non-Bahraini,غير بحريني,ذكر,Male,24-20,35238.0
2017,Non-Bahraini,غير بحريني,ذكر,Male,29-25,119162.0
2017,Non-Bahraini,غير بحريني,ذكر,Male,49-45,49489.0
2017,Non-Bahraini,غير بحريني,ذكر,Male,69-65,2347.0
2017,Non-Bahraini,غير بحريني,ذكر,Male,79-75,416.0
2017,Non-Bahraini,غير بحريني,ذكر,Male,84-80,268.0
2017,Non-Bahraini,غير بحريني,انثى,Female,4-0,16280.0
2017,Non-Bahraini,غير بحريني,انثى,Female,24-20,14716.0
2017,Non-Bahraini,غير بحريني,انثى,Female,29-25,33364.0
2017,Non-Bahraini,غير بحريني,انثى,Female,44-40,21870.0
2017,Non-Bahraini,غير بحريني,انثى,Female,49-45,15062.0
2017,Non-Bahraini,غير بحريني,انثى,Female,54-50,9883.0
2017,Non-Bahraini,غير بحريني,انثى,Female,69-65,1045.0
2018,Bahraini,بحريني,ذكر,Male,9-5,37374.0
2018,Bahraini,بحريني,ذكر,Male,24-20,30591.0
2018,Bahraini,بحريني,ذكر,Male,34-30,26413.0
2018,Bahraini,بحريني,ذكر,Male,39-35,23336.0
2018,Bahraini,بحريني,ذكر,Male,54-50,17016.0
2018,Bahraini,بحريني,ذكر,Male,79-75,2748.0
2018,Bahraini,بحريني,انثى,Female,9-5,35923.0
2018,Bahraini,بحريني,انثى,Female,19-15,30035.0
2018,Bahraini,بحريني,انثى,Female,24-20,28932.0
2018,Bahraini,بحريني,انثى,Female,29-25,28150.0
2018,Bahraini,بحريني,انثى,Female,34-30,25864.0
2018,Bahraini,بحريني,انثى,Female,44-40,19966.0
2018,Bahraini,بحريني,انثى,Female,64-60,11470.0
2018,Bahraini,بحريني,انثى,Female,84-80,1770.0
2018,Non-Bahraini,غير بحريني,ذكر,Male,24-20,37636.0
2018,Non-Bahraini,غير بحريني,ذكر,Male,59-55,18732.0
2018,Non-Bahraini,غير بحريني,ذكر,Male,79-75,469.0
2018,Non-Bahraini,غير بحريني,ذكر,Male,85 +,513.0
2018,Non-Bahraini,غير بحريني,انثى,Female,19-15,7238.0
2018,Non-Bahraini,غير بحريني,انثى,Female,24-20,15380.0
2018,Non-Bahraini,غير بحريني,انثى,Female,29-25,33269.0
2018,Non-Bahraini,غير بحريني,انثى,Female,39-35,28062.0
2018,Non-Bahraini,غير بحريني,انثى,Female,49-45,14755.0
2018,Non-Bahraini,غير بحريني,انثى,Female,54-50,9897.0
2018,Non-Bahraini,غير بحريني,انثى,Female,59-55,5983.0
2018,Non-Bahraini,غير بحريني,انثى,Female,64-60,2725.0
2018,Non-Bahraini,غير بحريني,انثى,Female,74-70,526.0
2019,Bahraini,بحريني,ذكر,Male,4-0,37123.0
2019,Bahraini,بحريني,ذكر,Male,24-20,30951.0
2019,Bahraini,بحريني,ذكر,Male,79-75,2704.0
2019,Bahraini,بحريني,ذكر,Male,84-80,1497.0
2019,Bahraini,بحريني,انثى,Female,14-10,33942.0
2019,Bahraini,بحريني,انثى,Female,49-45,16830.0
2019,Bahraini,بحريني,انثى,Female,59-55,16062.000000000002
2019,Bahraini,بحريني,انثى,Female,64-60,12347.0
2019,Bahraini,بحريني,انثى,Female,84-80,1824.0
2019,Non-Bahraini,غير بحريني,ذكر,Male,19-15,8442.0
2019,Non-Bahraini,غير بحريني,ذكر,Male,34-30,119972.0
2019,Non-Bahraini,غير بحريني,ذكر,Male,44-40,69029.0
2019,Non-Bahraini,غير بحريني,ذكر,Male,69-65,2840.0
2019,Non-Bahraini,غير بحريني,ذكر,Male,84-80,218.0
2019,Non-Bahraini,غير بحريني,انثى,Female,4-0,15666.0
2019,Non-Bahraini,غير بحريني,انثى,Female,9-5,13962.0
2019,Non-Bahraini,غير بحريني,انثى,Female,39-35,28628.0
2019,Non-Bahraini,غير بحريني,انثى,Female,54-50,10523.0
2019,Non-Bahraini,غير بحريني,انثى,Female,59-55,6540.0
2020,Bahraini,بحريني,ذكر,Male,4-0,35703.0
2020,Bahraini,بحريني,ذكر,Male,29-25,30401.0
2020,Bahraini,بحريني,ذكر,Male,34-30,27638.0
2020,Bahraini,بحريني,ذكر,Male,54-50,16374.0
2020,Bahraini,بحريني,ذكر,Male,59-55,15643.0
2020,Bahraini,بحريني,انثى,Female,4-0,34441.0
2020,Bahraini,بحريني,انثى,Female,34-30,26517.0
2020,Bahraini,بحريني,انثى,Female,49-45,17480.0
2020,Bahraini,بحريني,انثى,Female,54-50,17298.0
2020,Bahraini,بحريني,انثى,Female,85 +,1718.0
2020,Non-Bahraini,غير بحريني,ذكر,Male,4-0,15962.0
2020,Non-Bahraini,غير بحريني,ذكر,Male,24-20,32236.0
2020,Non-Bahraini,غير بحريني,ذكر,Male,29-25,67238.0
2020,Non-Bahraini,غير بحريني,ذكر,Male,39-35,104898.0
2020,Non-Bahraini,غير بحريني,ذكر,Male,44-40,70724.0
2020,Non-Bahraini,غير بحريني,ذكر,Male,59-55,18343.0
2020,Non-Bahraini,غير بحريني,انثى,Female,49-45,15621.0
2020,Non-Bahraini,غير بحريني,انثى,Female,69-65,1342.0
2020,Non-Bahraini,غير بحريني,انثى,Female,84-80,211.0
2020,Non-Bahraini,غير بحريني,انثى,Female,85 +,416.0
2021,Bahraini,بحريني,ذكور,Bahraini,24-20,31089.0
2021,Bahraini,بحريني,ذكور,Bahraini,29-25,30458.0
2021,Bahraini,بحريني,ذكور,Bahraini,39-35,25030.0
2021,Bahraini,بحريني,إناث,Bahraini,49-45,18099.0
2021,Bahraini,بحريني,إناث,Bahraini,59-55,17126.0
2021,Bahraini,بحريني,إناث,Bahraini,64-60,13698.0
2021,Bahraini,بحريني,إناث,Bahraini,69-65,8902.0
2021,Bahraini,بحريني,إناث,Bahraini,79-75,3183.0
2021,Non-Bahraini,غير بحريني,ذكور,Non-Bahraini,14-10,8397.0
2021,Non-Bahraini,غير بحريني,ذكور,Non-Bahraini,29-25,116287.0
2021,Non-Bahraini,غير بحريني,ذكور,Non-Bahraini,34-30,108792.0
2021,Non-Bahraini,غير بحريني,ذكور,Non-Bahraini,44-40,53448.0
2021,Non-Bahraini,غير بحريني,ذكور,Non-Bahraini,84-80,352.0
2021,Non-Bahraini,غير بحريني,ذكور,Non-Bahraini,85 +,621.0
2021,Non-Bahraini,غير بحريني,إناث,Non-Bahraini,4-0,14223.0
2021,Non-Bahraini,غير بحريني,إناث,Non-Bahraini,24-20,27529.0
2021,Non-Bahraini,غير بحريني,إناث,Non-Bahraini,34-30,32109.0
2021,Non-Bahraini,غير بحريني,إناث,Non-Bahraini,39-35,26531.0
2021,Non-Bahraini,غير بحريني,إناث,Non-Bahraini,44-40,19137.0
2021,Non-Bahraini,غير بحريني,إناث,Non-Bahraini,49-45,12388.0
2021,Non-Bahraini,غير بحريني,إناث,Non-Bahraini,59-55,13039.0
